1678753684, -550602, 19.437
1678753690, -550611, 19.437
1678753696, -550594, 19.437
1678753702, -550602, 19.437
1678753709, -550614, 19.437
1678753716, -550600, 19.437
1678753722, -550616, 19.437
1678753728, -550608, 19.375
1678753734, -550615, 19.437
1678753740, -550623, 19.375
1678753746, -550617, 19.375
1678753752, -550599, 19.375
1678753758, -550616, 19.375
1678753764, -550615, 19.375
1678753770, -550615, 19.375
1678753776, -550613, 19.375
1678753782, -550624, 19.375
1678753788, -550618, 19.312
1678753794, -550617, 19.312
1678753801, -550616, 19.312
1678753807, -550630, 19.312
1678753812, -550619, 19.312
1678753818, -550612, 19.312
1678753825, -550605, 19.312
1678753830, -550603, 19.312
1678753836, -550604, 19.312
1678753842, -550604, 19.312
1678753848, -550634, 19.312
1678753854, -550609, 19.25
1678753860, -550610, 19.25
1678753866, -550625, 19.25
1678753873, -550614, 19.25
1678753879, -550622, 19.25
1678753885, -550616, 19.25
1678753891, -550609, 19.25
1678753897, -550623, 19.25
1678753903, -550603, 19.25
1678753909, -550598, 19.25
1678753915, -550625, 19.187
1678753921, -550624, 19.187
1678753927, -550620, 19.187
1678753933, -550627, 19.187
1678753939, -550608, 19.187
1678753945, -550629, 19.187
1678753951, -550629, 19.187
1678753957, -550608, 19.187
1678753963, -550619, 19.187
1678753969, -550610, 19.187
1678753975, -550610, 19.187
1678753981, -550629, 19.187
1678753987, -550622, 19.187
1678753993, -550614, 19.187
1678753999, -550624, 19.187
1678754005, -550597, 19.187
1678754011, -550545, 19.187
1678754017, -550561, 19.187
1678754023, -550551, 19.187
1678754028, -550554, 19.25
1678754035, -550556, 19.25
1678754041, -550547, 19.187
1678754047, -550574, 19.25
1678754053, -550585, 19.25
1678754059, -550581, 19.312
1678754065, -550576, 19.312
1678754071, -550575, 19.312
1678754077, -550582, 19.312
1678754083, -550584, 19.312
1678754089, -550590, 19.187
1678754095, -550583, 19.312
1678754101, -550570, 19.312
1678754107, -550582, 19.312
1678754113, -550578, 19.312
1678754119, -550586, 19.312
1678754125, -550585, 19.25
1678754131, -550589, 19.312
1678754137, -550590, 19.25
1678754143, -550588, 19.25
1678754149, -550594, 19.25
1678754155, -550589, 19.25
1678754161, -550591, 19.25
1678754167, -550592, 19.25
1678754173, -550587, 19.25
1678754179, -550585, 19.25
1678754185, -550587, 19.187
1678754191, -550586, 19.187
1678754197, -550584, 19.187
1678754203, -550583, 19.187
1678754209, -550580, 19.187
1678754215, -550602, 19.125
1678754221, -550582, 19.125
1678754227, -550597, 19.125
1678754234, -550590, 19.125
1678754240, -550603, 19.125
1678754246, -550596, 19.125
1678754252, -550597, 19.125
1678754258, -550607, 19.062
1678754264, -550602, 19.062
1678754270, -550622, 19.062
1678754276, -550616, 19.062
1678754282, -550604, 19.062
1678754288, -550605, 19.062
1678754294, -550622, 19.062
1678754301, -550627, 19.062
1678754307, -550616, 19.0
1678754313, -550624, 19.0
1678754318, -550633, 19.0
1678754324, -550629, 19.0
1678754331, -550630, 19.0
1678754337, -550621, 19.0
1678754343, -550624, 19.0
1678754349, -550632, 19.0
1678754355, -550627, 18.937
1678754361, -550634, 18.937
1678754367, -550626, 18.937
1678754373, -550632, 18.937
1678754379, -550630, 18.937
1678754385, -550625, 18.937
1678754391, -550642, 18.875
1678754397, -550640, 18.812
1678754403, -550615, 18.875
1678754409, -550638, 18.875
1678754415, -550617, 18.875
1678754421, -550639, 18.875
1678754427, -550635, 18.875
1678754434, -550635, 18.875
1678754440, -550645, 18.875
1678754446, -550627, 18.875
1678754452, -550619, 18.812
1678754458, -550623, 18.875
1678754464, -550617, 18.812
1678754470, -550630, 18.812
1678754476, -550616, 18.812
1678754482, -550617, 18.812
1678754487, -550619, 18.812
1678754493, -550616, 18.812
1678754499, -550613, 18.812
1678754505, -550623, 18.812
1678754511, -550606, 18.812
1678754518, -550614, 18.812
1678754524, -550638, 18.812
1678754530, -550605, 18.75
1678754536, -550630, 18.75
1678754542, -550624, 18.812
1678754548, -550632, 18.812
1678754554, -550612, 18.812
1678754560, -550629, 18.75
1678754566, -550616, 18.75
1678754572, -550630, 18.75
1678754578, -550603, 18.75
1678754584, -550616, 18.75
1678754590, -550606, 18.75
1678754596, -550624, 18.75
1678754602, -550629, 18.75
1678754608, -550611, 18.687
1678754614, -550628, 18.75
1678754620, -550612, 18.687
1678754626, -550621, 18.687
1678754632, -550604, 18.75
1678754638, -550611, 18.687
1678754644, -550591, 18.687
1678754650, -550621, 18.687
1678754655, -550621, 18.687
1678754661, -550614, 18.687
1678754667, -550638, 18.687
1678754673, -550633, 18.687
1678754679, -550632, 18.687
1678754685, -550636, 18.687
1678754691, -550637, 18.687
1678754697, -550642, 18.687
1678754703, -550635, 18.687
1678754709, -550607, 18.687
1678754715, -550642, 18.687
1678754721, -550612, 18.687
1678754727, -550216, 18.687
1678754733, -550254, 18.687
1678754739, -550527, 18.687
1678754745, -550626, 18.625
1678754751, -550480, 18.687
1678754757, -550617, 18.687
1678754763, -550639, 18.687
1678754769, -550598, 18.687
1678754775, -550615, 18.687
1678754781, -550538, 18.625
1678754788, -550599, 18.625
1678754794, -550597, 18.625
1678754800, -550626, 18.687
1678754806, -550596, 18.687
1678754812, -550597, 18.625
1678754818, -550628, 18.625
1678754824, -550631, 18.687
1678754830, -550629, 18.625
1678754836, -550611, 18.625
1678754842, -550630, 18.625
1678754848, -550615, 18.625
1678754854, -550607, 18.625
1678754860, -550615, 18.625
1678754866, -550623, 18.625
1678754872, -550599, 18.625
1678754879, -550616, 18.625
1678754886, -550628, 18.562
1678754892, -550592, 18.625
1678754898, -550625, 18.625
1678754904, -550488, 18.625
1678754910, -550488, 18.625
1678754916, -550414, 18.625
1678754922, -550408, 18.625
1678754928, -550391, 18.562
1678754934, -550455, 18.625
1678754940, -550606, 18.625
1678754946, -550541, 18.625
1678754952, -550595, 18.625
1678754958, -550611, 18.625
1678754964, -550594, 18.562
1678754971, -550598, 18.562
1678754977, -550603, 18.625
1678754983, -550590, 18.625
1678754989, -550587, 18.625
1678754995, -550592, 18.562
1678755001, -550578, 18.625
1678755007, -550574, 18.625
1678755013, -550585, 18.625
1678755020, -550594, 18.625
1678755025, -550582, 18.625
1678755032, -550586, 18.625
1678755038, -550588, 18.625
1678755044, -550595, 18.562
1678755051, -550594, 18.562
1678755058, -550601, 18.625
1678755063, -550591, 18.562
1678755070, -550563, 18.562
1678755076, -550607, 18.562
1678755081, -550603, 18.562
1678755087, -550563, 18.562
1678755093, -550297, 18.562
1678755099, -550576, 18.562
1678755105, -550572, 18.562
1678755111, -550566, 18.562
1678755117, -550560, 18.562
1678755123, -550160, 18.562
1678755129, -550558, 18.562
1678755135, -550566, 18.562
1678755141, -550568, 18.562
1678755148, -550552, 18.562
1678755154, -550525, 18.562
1678755160, -550597, 18.562
1678755166, -550561, 18.562
1678755172, -550574, 18.562
1678755178, -550580, 18.562
1678755184, -550555, 18.562
1678755190, -550595, 18.562
1678755196, -550613, 18.562
1678755201, -550604, 18.562
1678755207, -550607, 18.562
1678755214, -550621, 18.562
1678755220, -550616, 18.562
1678755226, -550609, 18.562
1678755231, -550630, 18.562
1678755238, -550604, 18.562
1678755244, -550628, 18.562
1678755250, -550628, 18.562
1678755256, -550595, 18.562
1678755262, -550495, 18.562
1678755268, -550553, 18.562
1678755274, -550600, 18.562
1678755280, -550610, 18.562
1678755286, -550604, 18.562
1678755292, -550601, 18.562
1678755298, -550609, 18.562
1678755304, -550613, 18.562
1678755309, -550596, 18.562
1678755315, -550596, 18.562
1678755322, -550604, 18.562
1678755328, -550591, 18.562
1678755333, -550601, 18.5
1678755339, -550600, 18.562
1678755345, -550604, 18.562
1678755351, -550580, 18.562
1678755357, -550601, 18.5
1678755363, -550599, 18.5
1678755369, -550609, 18.5
1678755375, -550607, 18.562
1678755381, -550604, 18.5
1678755387, -550604, 18.562
1678755393, -550618, 18.562
1678755399, -550614, 18.5
1678755405, -550603, 18.562
1678755411, -550605, 18.562
1678755417, -550598, 18.562
1678755423, -550609, 18.5
1678755429, -550601, 18.562
1678755435, -550615, 18.5
1678755441, -550598, 18.5
1678755447, -550609, 18.562
1678755453, -550614, 18.5
1678755459, -550609, 18.5
1678755465, -550602, 18.5
1678755471, -550613, 18.562
1678755477, -550602, 18.5
1678755483, -550595, 18.5
1678755489, -550605, 18.5
1678755495, -550598, 18.5
1678755501, -550612, 18.5
1678755507, -550609, 18.5
1678755513, -550602, 18.5
1678755519, -550579, 18.5
1678755525, -550582, 18.5
1678755531, -550607, 18.5
1678755537, -550611, 18.5
1678755543, -550611, 18.5
1678755549, -550588, 18.5
1678755555, -550603, 18.5
1678755561, -550614, 18.5
1678755568, -550600, 18.5
1678755574, -550613, 18.5
1678755580, -550605, 18.5
1678755586, -550603, 18.5
1678755592, -550597, 18.5
1678755598, -550593, 18.5
1678755604, -550603, 18.5
1678755610, -550602, 18.5
1678755616, -550615, 18.5
1678755622, -550599, 18.5
1678755628, -550608, 18.5
1678755634, -550615, 18.437
1678755640, -550599, 18.5
1678755646, -550598, 18.5
1678755652, -550591, 18.5
1678755658, -550505, 18.5
1678755664, -550509, 18.5
1678755670, -550522, 18.5
1678755676, -550543, 18.5
1678755682, -550515, 18.5
1678755688, -550542, 18.5
1678755694, -550528, 18.5
1678755700, -550522, 18.5
1678755706, -550346, 18.5
1678755712, -550538, 18.5
1678755717, -550693, 18.5
1678755723, -550713, 18.5
1678755729, -550686, 18.5
1678755735, -550690, 18.5
1678755741, -550698, 18.5
1678755747, -550683, 18.5
1678755753, -550697, 18.5
1678755760, -550674, 18.5
1678755765, -550690, 18.5
1678755771, -550679, 18.5
1678755777, -550685, 18.5
1678755784, -550679, 18.5
1678755790, -550682, 18.5
1678755796, -550679, 18.5
1678755802, -550680, 18.5
1678755808, -550683, 18.5
1678755813, -550683, 18.5
1678755819, -550676, 18.5
1678755825, -550677, 18.5
1678755831, -550686, 18.5
1678755837, -550655, 18.5
1678755844, -550679, 18.5
1678755850, -550676, 18.5
1678755856, -550684, 18.5
1678755862, -550695, 18.5
1678755868, -550666, 18.5
1678755874, -550682, 18.5
1678755880, -550671, 18.5
1678755886, -550687, 18.5
1678755892, -550679, 18.5
1678755898, -550684, 18.5
1678755904, -550675, 18.5
1678755910, -550688, 18.5
1678755916, -550685, 18.5
1678755922, -550693, 18.5
1678755928, -550674, 18.5
1678755934, -550680, 18.5
1678755941, -550679, 18.5
1678755947, -550686, 18.5
1678755953, -550675, 18.5
1678755959, -550681, 18.5
1678755965, -550680, 18.5
1678755971, -550675, 18.5
1678755977, -550682, 18.5
1678755983, -550691, 18.5
1678755989, -550686, 18.437
1678755995, -550692, 18.5
1678756001, -550684, 18.5
1678756007, -550670, 18.5
1678756013, -550699, 18.5
1678756019, -550684, 18.5
1678756026, -550674, 18.5
1678756033, -550695, 18.5
1678756038, -550682, 18.5
1678756044, -550694, 18.437
1678756050, -550693, 18.5
1678756056, -550685, 18.5
1678756062, -550672, 18.5
1678756068, -550681, 18.5
1678756074, -550672, 18.5
1678756080, -550687, 18.5
1678756086, -550700, 18.5
1678756092, -550680, 18.437
1678756098, -550696, 18.437
1678756105, -550685, 18.5
1678756112, -550686, 18.437
1678756118, -550680, 18.5
1678756125, -550687, 18.5
1678756131, -550724, 18.5
1678756137, -550703, 18.437
1678756143, -550712, 18.437
1678756149, -550678, 18.437
1678756155, -550683, 18.5
1678756160, -550678, 18.5
1678756166, -550682, 18.437
1678756173, -550683, 18.437
1678756178, -550671, 18.5
1678756184, -550679, 18.437
1678756190, -550675, 18.437
1678756196, -550694, 18.437
1678756203, -550675, 18.5
1678756209, -550689, 18.437
1678756215, -550677, 18.5
1678756221, -550689, 18.5
1678756227, -550687, 18.437
1678756233, -550682, 18.5
1678756239, -550675, 18.437
1678756245, -550685, 18.437
1678756251, -550671, 18.5
1678756257, -550669, 18.437
1678756263, -550668, 18.437
1678756269, -550698, 18.437
1678756275, -550692, 18.437
1678756282, -550686, 18.5
1678756288, -550694, 18.437
1678756294, -550707, 18.437
1678756300, -550682, 18.437
1678756306, -550687, 18.437
1678756312, -550688, 18.437
1678756318, -550671, 18.437
1678756324, -550681, 18.437
1678756330, -550694, 18.437
1678756336, -550687, 18.437
1678756341, -550679, 18.437
1678756347, -550693, 18.437
1678756353, -550671, 18.437
1678756359, -550691, 18.437
1678756365, -550673, 18.437
1678756371, -550675, 18.437
1678756378, -550682, 18.437
1678756384, -550677, 18.437
1678756390, -550676, 18.437
1678756396, -550691, 18.437
1678756402, -550688, 18.437
1678756408, -550685, 18.437
1678756414, -550668, 18.437
1678756420, -550685, 18.437
1678756426, -550673, 18.437
1678756432, -550679, 18.437
1678756437, -550692, 18.437
1678756443, -550672, 18.437
1678756449, -550700, 18.437
1678756455, -550682, 18.437
1678756461, -550676, 18.437
1678756468, -550694, 18.437
1678756474, -550686, 18.437
1678756480, -550699, 18.437
1678756485, -550701, 18.437
1678756491, -550693, 18.437
1678756497, -550683, 18.437
1678756503, -550694, 18.437
1678756509, -550689, 18.437
1678756515, -550698, 18.437
1678756521, -550690, 18.437
1678756527, -550688, 18.437
1678756533, -550685, 18.437
1678756539, -550692, 18.437
1678756545, -550698, 18.437
1678756551, -550686, 18.437
1678756557, -550687, 18.437
1678756564, -550702, 18.437
1678756570, -550694, 18.437
1678756576, -550689, 18.437
1678756582, -550704, 18.437
1678756588, -550710, 18.437
1678756593, -550726, 18.437
1678756599, -550703, 18.437
1678756605, -550716, 18.437
1678756611, -550718, 18.437
1678756617, -550696, 18.437
1678756623, -550702, 18.437
1678756629, -550705, 18.437
1678756635, -550705, 18.437
1678756641, -550701, 18.437
1678756647, -550706, 18.375
1678756653, -550707, 18.437
1678756659, -550720, 18.437
1678756665, -550728, 18.437
1678756671, -550691, 18.437
1678756677, -550699, 18.375
1678756683, -550719, 18.437
1678756689, -550706, 18.375
1678756695, -550721, 18.375
1678756701, -550715, 18.437
1678756707, -550708, 18.375
1678756713, -550691, 18.375
1678756719, -550708, 18.375
1678756725, -550725, 18.375
1678756731, -550724, 18.375
1678756739, -550705, 18.375
1678756746, -550704, 18.375
1678756752, -550715, 18.375
1678756758, -550720, 18.375
1678756764, -550714, 18.375
1678756770, -550714, 18.375
1678756776, -550715, 18.375
1678756782, -550714, 18.375
1678756788, -550718, 18.375
1678756794, -550718, 18.375
1678756800, -550717, 18.375
1678756806, -550722, 18.375
1678756812, -550717, 18.375
1678756818, -550719, 18.375
1678756824, -550712, 18.375
1678756830, -550705, 18.375
1678756836, -550706, 18.375
1678756842, -550719, 18.375
1678756848, -550713, 18.375
1678756854, -550717, 18.375
1678756860, -550719, 18.375
1678756866, -550731, 18.375
1678756872, -550720, 18.375
1678756878, -550723, 18.375
1678756884, -550719, 18.375
1678756890, -550717, 18.375
1678756896, -550722, 18.375
1678756902, -550713, 18.375
1678756908, -550732, 18.375
1678756914, -550729, 18.375
1678756920, -550729, 18.375
1678756926, -550724, 18.375
1678756932, -550717, 18.375
1678756938, -550712, 18.375
1678756944, -550709, 18.375
1678756950, -550732, 18.375
1678756956, -550733, 18.375
1678756962, -550720, 18.375
1678756967, -550727, 18.375
1678756973, -550728, 18.375
1678756979, -550714, 18.375
1678756985, -550733, 18.375
1678756991, -550723, 18.375
1678756997, -550726, 18.375
1678757003, -550732, 18.375
1678757009, -550723, 18.375
1678757015, -550730, 18.375
1678757021, -550736, 18.375
1678757027, -550728, 18.375
1678757033, -550733, 18.375
1678757039, -550737, 18.375
1678757045, -550734, 18.312
1678757051, -550731, 18.375
1678757057, -550745, 18.375
1678757063, -550741, 18.312
1678757069, -550738, 18.312
1678757075, -550730, 18.375
1678757081, -550731, 18.375
1678757087, -550723, 18.312
1678757093, -550729, 18.375
1678757100, -550742, 18.375
1678757106, -550732, 18.375
1678757112, -550731, 18.375
1678757118, -550753, 18.312
1678757124, -550748, 18.312
1678757129, -550736, 18.312
1678757136, -550735, 18.312
1678757142, -550735, 18.312
1678757148, -550738, 18.312
1678757153, -550758, 18.375
1678757159, -550730, 18.375
1678757166, -550751, 18.312
1678757171, -550758, 18.312
1678757177, -550732, 18.312
1678757183, -550728, 18.312
1678757190, -550728, 18.312
1678757196, -550736, 18.312
1678757202, -550756, 18.312
1678757208, -550740, 18.312
1678757214, -550742, 18.312
1678757219, -550748, 18.312
1678757226, -550739, 18.312
1678757232, -550722, 18.312
1678757237, -550749, 18.312
1678757243, -550748, 18.312
1678757250, -550739, 18.312
1678757256, -550751, 18.312
1678757261, -550741, 18.312
1678757267, -550753, 18.312
1678757273, -550750, 18.312
1678757279, -550754, 18.312
1678757285, -550742, 18.312
1678757292, -550749, 18.312
1678757298, -550746, 18.312
1678757304, -550744, 18.312
1678757310, -550743, 18.312
1678757316, -550747, 18.312
1678757322, -550746, 18.312
1678757328, -550745, 18.312
1678757334, -550747, 18.312
1678757340, -550747, 18.312
1678757346, -550756, 18.312
1678757352, -550744, 18.312
1678757358, -550742, 18.312
1678757364, -550748, 18.312
1678757370, -550754, 18.312
1678757376, -550733, 18.312
1678757382, -550757, 18.312
1678757388, -550743, 18.312
1678757394, -550764, 18.312
1678757400, -550764, 18.312
1678757406, -550753, 18.312
1678757412, -550758, 18.312
1678757418, -550757, 18.312
1678757424, -550742, 18.312
1678757430, -550758, 18.312
1678757436, -550741, 18.312
1678757442, -550766, 18.312
1678757448, -550750, 18.312
1678757455, -550740, 18.312
1678757462, -550751, 18.312
1678757468, -550752, 18.312
1678757474, -550749, 18.312
1678757480, -550755, 18.312
1678757486, -550743, 18.312
1678757492, -550759, 18.312
1678757498, -550749, 18.312
1678757505, -550762, 18.25
1678757510, -550764, 18.312
1678757516, -550758, 18.312
1678757522, -550772, 18.312
1678757528, -550759, 18.25
1678757534, -550748, 18.312
1678757541, -550760, 18.25
1678757547, -550769, 18.25
1678757553, -550758, 18.312
1678757559, -550754, 18.25
1678757565, -550758, 18.25
1678757571, -550757, 18.25
1678757577, -550752, 18.25
1678757583, -550770, 18.25
1678757589, -550763, 18.25
1678757595, -550775, 18.25
1678757601, -550771, 18.25
1678757607, -550753, 18.25
1678757613, -550762, 18.25
1678757619, -550772, 18.25
1678757625, -550762, 18.25
1678757632, -550767, 18.25
1678757638, -550773, 18.25
1678757645, -550759, 18.25
1678757651, -550783, 18.25
1678757657, -550779, 18.25
1678757663, -550766, 18.25
1678757669, -550770, 18.25
1678757674, -550784, 18.25
1678757680, -550772, 18.25
1678757686, -550778, 18.25
1678757692, -550760, 18.25
1678757698, -550768, 18.25
1678757704, -550773, 18.25
1678757710, -550779, 18.25
1678757716, -550786, 18.25
1678757722, -550758, 18.25
1678757728, -550776, 18.25
1678757734, -550764, 18.25
1678757740, -550758, 18.187
1678757746, -550781, 18.187
1678757752, -550780, 18.25
1678757758, -550767, 18.25
1678757764, -550780, 18.25
1678757770, -550776, 18.25
1678757776, -550776, 18.25
1678757782, -550778, 18.25
1678757788, -550778, 18.25
1678757793, -550786, 18.25
1678757799, -550779, 18.25
1678757805, -550758, 18.25
1678757811, -550774, 18.25
1678757817, -550782, 18.25
1678757824, -550784, 18.25
1678757830, -550796, 18.25
1678757836, -550783, 18.25
1678757842, -550772, 18.25
1678757848, -550787, 18.25
1678757854, -550770, 18.25
1678757860, -550796, 18.25
1678757865, -550776, 18.25
1678757871, -550778, 18.25
1678757877, -550799, 18.25
1678757883, -550775, 18.25
1678757889, -550773, 18.25
1678757895, -550796, 18.25
1678757901, -550793, 18.25
1678757907, -550784, 18.25
1678757914, -550784, 18.25
1678757919, -550798, 18.25
1678757925, -550792, 18.25
1678757931, -550799, 18.25
1678757937, -550793, 18.25
1678757943, -550786, 18.25
1678757949, -550795, 18.25
1678757955, -550785, 18.187
1678757961, -550783, 18.187
1678757967, -550784, 18.25
1678757973, -550796, 18.187
1678757979, -550796, 18.187
1678757985, -550791, 18.187
1678757991, -550787, 18.187
1678757998, -550791, 18.187
1678758004, -550779, 18.187
1678758010, -550795, 18.187
1678758016, -550813, 18.187
1678758022, -550793, 18.187
1678758028, -550795, 18.187
1678758033, -550808, 18.187
1678758040, -550808, 18.187
1678758046, -550796, 18.187
1678758052, -550793, 18.187
1678758057, -550797, 18.187
1678758063, -550790, 18.25
1678758070, -550812, 18.187
1678758076, -550790, 18.187
1678758082, -550804, 18.187
1678758088, -550808, 18.187
1678758095, -550781, 18.187
1678758101, -550808, 18.187
1678758106, -550788, 18.187
1678758112, -550804, 18.187
1678758118, -550793, 18.187
1678758124, -550795, 18.187
1678758130, -550804, 18.187
1678758136, -550817, 18.187
1678758142, -550814, 18.187
1678758148, -550812, 18.187
1678758154, -550809, 18.187
1678758160, -550813, 18.187
1678758166, -550808, 18.187
1678758172, -550809, 18.187
1678758178, -550796, 18.187
1678758185, -550807, 18.187
1678758191, -550820, 18.187
1678758197, -550810, 18.187
1678758202, -550802, 18.187
1678758208, -550819, 18.187
1678758215, -550806, 18.187
1678758221, -550804, 18.187
1678758226, -550811, 18.187
1678758232, -550809, 18.187
1678758238, -550813, 18.187
1678758244, -550810, 18.187
1678758251, -550810, 18.187
1678758257, -550826, 18.187
1678758264, -550796, 18.187
1678758269, -550820, 18.187
1678758276, -550821, 18.187
1678758282, -550809, 18.187
1678758288, -550817, 18.187
1678758293, -550832, 18.187
1678758299, -550817, 18.187
1678758306, -550828, 18.187
1678758312, -550828, 18.187
1678758318, -550826, 18.187
1678758324, -550830, 18.187
1678758330, -550832, 18.187
1678758336, -550825, 18.187
1678758342, -550838, 18.187
1678758348, -550819, 18.187
1678758355, -550820, 18.187
1678758361, -550835, 18.125
1678758367, -550818, 18.125
1678758373, -550813, 18.125
1678758379, -550818, 18.187
1678758385, -550835, 18.125
1678758391, -550824, 18.125
1678758397, -550831, 18.125
1678758403, -550821, 18.125
1678758409, -550834, 18.125
1678758415, -550828, 18.125
1678758421, -550837, 18.125
1678758427, -550823, 18.125
1678758433, -550837, 18.125
1678758439, -550829, 18.125
1678758445, -550824, 18.125
1678758451, -550830, 18.125
1678758457, -550824, 18.125
1678758463, -550824, 18.125
1678758469, -550844, 18.125
1678758475, -550832, 18.125
1678758481, -550844, 18.125
1678758487, -550831, 18.125
1678758493, -550832, 18.125
1678758499, -550834, 18.125
1678758504, -550821, 18.125
1678758511, -550836, 18.125
1678758517, -550836, 18.125
1678758523, -550844, 18.125
1678758529, -550826, 18.125
1678758535, -550838, 18.125
1678758541, -550852, 18.125
1678758547, -550840, 18.125
1678758553, -550829, 18.125
1678758559, -550840, 18.125
1678758565, -550845, 18.125
1678758571, -550842, 18.125
1678758577, -550845, 18.125
1678758583, -550858, 18.125
1678758589, -550854, 18.125
1678758595, -550844, 18.125
1678758601, -550856, 18.062
1678758607, -550852, 18.125
1678758613, -550841, 18.125
1678758619, -550849, 18.125
1678758625, -550852, 18.125
1678758631, -550833, 18.125
1678758637, -550849, 18.125
1678758643, -550848, 18.125
1678758649, -550833, 18.125
1678758655, -550840, 18.125
1678758661, -550853, 18.125
1678758667, -550847, 18.125
1678758673, -550856, 18.125
1678758679, -550854, 18.125
1678758685, -550852, 18.062
1678758691, -550858, 18.125
1678758696, -550848, 18.125
1678758702, -550867, 18.125
1678758709, -550853, 18.125
1678758715, -550856, 18.062
1678758720, -550853, 18.125
1678758726, -550862, 18.062
1678758733, -550847, 18.062
1678758739, -550856, 18.062
1678758744, -550851, 18.125
1678758750, -550867, 18.125
1678758756, -550858, 18.062
1678758762, -550859, 18.062
1678758768, -550873, 18.125
1678758774, -550877, 18.062
1678758780, -550850, 18.062
1678758786, -550863, 18.062
1678758792, -550868, 18.125
1678758798, -550866, 18.062
1678758804, -550861, 18.062
1678758810, -550858, 18.062
1678758816, -550865, 18.125
1678758822, -550866, 18.125
1678758828, -550869, 18.062
1678758834, -550880, 18.062
1678758840, -550868, 18.125
1678758847, -550866, 18.062
1678758853, -550885, 18.062
1678758859, -550868, 18.062
1678758865, -550866, 18.062
1678758871, -550874, 18.062
1678758877, -550870, 18.062
1678758883, -550862, 18.062
1678758889, -550877, 18.062
1678758896, -550878, 18.062
1678758902, -550879, 18.062
1678758908, -550880, 18.062
1678758914, -550870, 18.062
1678758920, -550876, 18.062
1678758926, -550871, 18.062
1678758932, -550891, 18.062
1678758938, -550876, 18.062
1678758943, -550858, 18.062
1678758949, -550878, 18.062
1678758955, -550876, 18.062
1678758962, -550870, 18.062
1678758968, -550877, 18.062
1678758974, -550880, 18.062
1678758981, -550875, 18.062
1678758987, -550882, 18.062
1678758993, -550881, 18.062
1678758999, -550886, 18.062
1678759005, -550896, 18.062
1678759011, -550875, 18.062
1678759017, -550890, 18.062
1678759023, -550885, 18.062
1678759029, -550893, 18.062
1678759035, -550898, 18.062
1678759041, -550889, 18.062
1678759047, -550874, 18.062
1678759053, -550889, 18.062
1678759059, -550883, 18.062
1678759066, -550884, 18.062
1678759072, -550883, 18.062
1678759079, -550890, 18.0
1678759084, -550895, 18.062
1678759090, -550884, 18.062
1678759096, -550881, 18.062
1678759102, -550886, 18.062
1678759108, -550886, 18.062
1678759114, -550909, 18.062
1678759120, -550890, 18.0
1678759126, -550902, 18.0
1678759132, -550904, 18.0
1678759138, -550896, 18.062
1678759144, -550896, 18.062
1678759151, -550887, 18.062
1678759157, -550909, 18.0
1678759164, -550888, 18.062
1678759170, -550899, 18.0
1678759175, -550905, 18.062
1678759181, -550913, 18.0
1678759187, -550895, 18.0
1678759193, -550916, 18.0
1678759199, -550903, 18.062
1678759205, -550900, 18.062
1678759211, -550918, 18.0
1678759217, -550911, 18.0
1678759223, -550908, 18.0
1678759229, -550898, 18.0
1678759235, -550910, 18.062
1678759241, -550904, 18.0
1678759249, -550905, 18.0
1678759255, -550907, 18.0
1678759261, -550896, 18.0
1678759268, -550909, 18.0
1678759274, -550899, 18.0
1678759280, -550917, 18.0
1678759286, -550912, 18.0
1678759291, -550912, 18.0
1678759297, -550896, 18.0
1678759303, -550918, 18.0
1678759309, -550903, 18.062
1678759315, -550907, 18.0
1678759321, -550899, 18.0
1678759327, -550899, 18.0
1678759333, -550907, 18.0
1678759340, -550913, 18.062
1678759346, -550916, 18.0
1678759352, -550917, 18.0
1678759358, -550909, 18.0
1678759364, -550907, 18.0
1678759370, -550909, 18.0
1678759376, -550910, 18.0
1678759382, -550920, 18.0
1678759388, -550917, 18.0
1678759394, -550919, 18.0
1678759400, -550910, 18.0
1678759406, -550917, 18.0
1678759411, -550931, 18.0
1678759417, -550906, 18.0
1678759424, -550917, 18.0
1678759431, -550917, 17.937
1678759436, -550939, 18.0
1678759442, -550933, 18.0
1678759448, -550917, 18.0
1678759454, -550920, 18.0
1678759460, -550936, 18.0
1678759466, -550923, 18.0
1678759472, -550915, 18.0
1678759478, -550945, 18.0
1678759484, -550928, 18.0
1678759490, -550911, 18.0
1678759496, -550931, 18.0
1678759502, -550925, 18.0
1678759508, -550926, 18.0
1678759514, -550931, 18.0
1678759520, -550921, 17.937
1678759526, -550930, 18.0
1678759532, -550934, 18.0
1678759538, -550931, 17.937
1678759544, -550949, 18.0
1678759550, -550931, 18.0
1678759556, -550929, 18.0
1678759562, -550935, 18.0
1678759568, -550941, 18.0
1678759574, -550941, 17.937
1678759580, -550950, 18.0
1678759586, -550940, 18.0
1678759592, -550952, 18.0
1678759598, -550940, 18.0
1678759605, -550935, 17.937
1678759611, -550951, 17.937
1678759617, -550944, 17.937
1678759623, -550938, 17.937
1678759629, -550944, 17.937
1678759635, -550945, 17.937
1678759641, -550944, 17.937
1678759647, -550953, 18.0
1678759653, -550936, 17.937
1678759659, -550933, 17.937
1678759665, -550946, 17.937
1678759671, -550942, 17.937
1678759677, -550962, 17.937
1678759683, -550954, 17.937
1678759689, -550939, 17.937
1678759695, -550957, 17.937
1678759702, -550962, 17.937
1678759708, -550948, 17.937
1678759714, -550950, 17.937
1678759720, -550964, 17.937
1678759726, -550966, 17.937
1678759732, -550970, 17.937
1678759738, -550972, 17.937
1678759744, -550954, 17.937
1678759750, -550951, 17.937
1678759756, -550943, 17.937
1678759762, -550958, 17.937
1678759768, -550949, 17.937
1678759774, -550954, 17.937
1678759780, -550953, 17.937
1678759788, -550942, 17.937
1678759793, -550954, 17.937
1678759799, -550959, 17.937
1678759805, -550964, 17.937
1678759812, -550963, 17.937
1678759817, -550968, 17.937
1678759824, -550959, 17.937
1678759830, -550948, 17.937
1678759836, -550968, 17.937
1678759842, -550961, 17.937
1678759848, -550965, 17.937
1678759854, -550972, 17.937
1678759860, -550979, 17.937
1678759866, -550971, 17.937
1678759873, -550981, 17.875
1678759880, -550968, 17.937
1678759885, -550976, 17.937
1678759891, -550975, 17.937
1678759897, -550984, 17.937
1678759903, -550968, 17.937
1678759909, -550972, 17.937
1678759915, -550981, 17.875
1678759921, -550986, 17.875
1678759927, -550983, 17.875
1678759933, -550969, 17.875
1678759939, -550982, 17.875
1678759946, -550971, 17.875
1678759952, -550993, 17.875
1678759958, -550967, 17.875
1678759965, -550984, 17.875
1678759971, -550986, 17.937
1678759977, -550993, 17.937
1678759983, -550974, 17.875
1678759989, -550986, 17.875
1678759995, -550969, 17.937
1678760001, -550983, 17.875
1678760007, -550971, 17.875
1678760013, -550982, 17.875
1678760019, -550972, 17.875
1678760026, -550979, 17.875
1678760031, -550993, 17.875
1678760038, -550988, 17.875
1678760044, -550991, 17.875
1678760050, -551002, 17.875
1678760056, -550981, 17.875
1678760063, -550970, 17.937
1678760069, -550985, 17.875
1678760075, -550987, 17.875
1678760081, -550993, 17.875
1678760087, -551012, 17.875
1678760093, -550988, 17.875
1678760099, -551003, 17.875
1678760105, -550991, 17.875
1678760111, -550998, 17.875
1678760117, -551012, 17.875
1678760123, -550991, 17.875
1678760129, -551010, 17.875
1678760135, -551008, 17.875
1678760141, -551003, 17.875
1678760147, -550998, 17.875
1678760153, -551011, 17.875
1678760160, -551012, 17.875
1678760166, -551005, 17.875
1678760171, -551005, 17.875
1678760177, -551018, 17.875
1678760183, -551008, 17.875
1678760189, -551003, 17.875
1678760195, -551011, 17.875
1678760201, -551005, 17.875
1678760207, -551014, 17.875
1678760213, -551004, 17.875
1678760219, -551011, 17.812
1678760226, -551018, 17.812
1678760233, -551003, 17.812
1678760239, -551008, 17.875
1678760245, -551020, 17.875
1678760251, -551020, 17.875
1678760257, -551011, 17.812
1678760263, -551019, 17.875
1678760268, -551011, 17.812
1678760274, -551027, 17.812
1678760280, -551021, 17.812
1678760286, -551027, 17.812
1678760292, -551022, 17.812
1678760298, -551020, 17.812
1678760304, -551013, 17.812
1678760310, -551016, 17.812
1678760317, -551015, 17.812
1678760323, -551015, 17.812
1678760329, -551017, 17.812
1678760335, -551030, 17.875
1678760341, -551019, 17.875
1678760347, -551020, 17.812
1678760353, -551028, 17.812
1678760359, -551024, 17.812
1678760365, -551028, 17.875
1678760372, -551035, 17.812
1678760378, -551027, 17.812
1678760384, -551026, 17.812
1678760390, -551043, 17.812
1678760396, -551039, 17.875
1678760403, -551024, 17.812
1678760409, -551025, 17.812
1678760415, -551038, 17.812
1678760421, -551033, 17.812
1678760427, -551036, 17.812
1678760433, -551034, 17.812
1678760439, -551039, 17.812
1678760445, -551041, 17.812
1678760451, -551038, 17.812
1678760457, -551050, 17.812
1678760463, -551043, 17.812
1678760469, -551036, 17.812
1678760475, -551031, 17.812
1678760481, -551035, 17.812
1678760487, -551029, 17.812
1678760493, -551050, 17.812
1678760499, -551054, 17.812
1678760505, -551030, 17.812
1678760512, -551046, 17.812
1678760519, -551065, 17.812
1678760525, -551063, 17.812
1678760531, -551048, 17.812
1678760537, -551055, 17.812
1678760543, -551051, 17.812
1678760549, -551054, 17.812
1678760555, -551065, 17.812
1678760561, -551053, 17.812
1678760567, -551047, 17.812
1678760573, -551050, 17.75
1678760579, -551051, 17.812
1678760585, -551058, 17.812
1678760591, -551061, 17.812
1678760597, -551055, 17.812
1678760604, -551056, 17.75
1678760611, -551053, 17.812
1678760617, -551060, 17.75
1678760623, -551051, 17.75
1678760629, -551061, 17.75
1678760635, -551050, 17.75
1678760641, -551046, 17.75
1678760647, -551066, 17.75
1678760653, -551059, 17.75
1678760659, -551052, 17.75
1678760665, -551055, 17.812
1678760671, -551060, 17.75
1678760677, -551070, 17.75
1678760683, -551072, 17.75
1678760689, -551052, 17.75
1678760695, -551067, 17.75
1678760701, -551064, 17.812
1678760708, -551064, 17.75
1678760714, -551059, 17.75
1678760720, -551069, 17.75
1678760726, -551074, 17.75
1678760732, -551084, 17.75
1678760738, -551082, 17.75
1678760744, -551073, 17.75
1678760750, -551078, 17.75
1678760756, -551073, 17.75
1678760762, -551077, 17.75
1678760768, -551072, 17.75
1678760774, -551076, 17.75
1678760780, -551077, 17.75
1678760786, -551071, 17.75
1678760792, -551057, 17.75
1678760799, -551083, 17.75
1678760805, -551068, 17.812
1678760811, -551083, 17.75
1678760817, -551073, 17.75
1678760823, -551076, 17.75
1678760829, -551081, 17.75
1678760835, -551070, 17.75
1678760841, -551065, 17.75
1678760847, -551075, 17.812
1678760853, -551079, 17.75
1678760859, -551078, 17.75
1678760865, -551082, 17.75
1678760871, -551081, 17.75
1678760877, -551083, 17.75
1678760883, -551081, 17.75
1678760890, -551072, 17.687
1678760896, -551078, 17.75
1678760903, -551105, 17.75
1678760909, -551085, 17.687
1678760915, -551098, 17.75
1678760921, -551085, 17.75
1678760927, -551091, 17.75
1678760933, -551092, 17.687
1678760939, -551084, 17.75
1678760945, -551110, 17.687
1678760951, -551091, 17.75
1678760957, -551102, 17.75
1678760963, -551091, 17.75
1678760969, -551094, 17.75
1678760975, -551087, 17.75
1678760982, -551106, 17.75
1678760988, -551104, 17.75
1678760994, -551098, 17.75
1678761000, -551104, 17.687
1678761006, -551095, 17.687
1678761012, -551091, 17.687
1678761018, -551101, 17.75
1678761024, -551099, 17.75
1678761030, -551091, 17.687
1678761036, -551102, 17.687
1678761042, -551114, 17.687
1678761048, -551119, 17.687
1678761054, -551105, 17.75
1678761060, -551102, 17.687
1678761066, -551105, 17.687
1678761072, -551102, 17.687
1678761079, -551099, 17.687
1678761085, -551115, 17.687
1678761091, -551109, 17.687
1678761097, -551107, 17.687
1678761103, -551108, 17.687
1678761109, -551116, 17.687
1678761115, -551115, 17.687
1678761121, -551117, 17.687
1678761127, -551113, 17.687
1678761133, -551107, 17.687
1678761139, -551109, 17.687
1678761145, -551115, 17.75
1678761151, -551122, 17.687
1678761157, -551108, 17.687
1678761163, -551123, 17.687
1678761169, -551123, 17.687
1678761176, -551108, 17.687
1678761182, -551111, 17.687
1678761188, -551125, 17.687
1678761194, -551104, 17.687
1678761200, -551126, 17.687
1678761206, -551119, 17.75
1678761212, -551109, 17.687
1678761218, -551114, 17.687
1678761224, -551117, 17.687
1678761230, -551128, 17.687
1678761236, -551117, 17.687
1678761243, -551127, 17.687
1678761249, -551125, 17.687
1678761254, -551139, 17.687
1678761261, -551140, 17.687
1678761267, -551135, 17.687
1678761273, -551130, 17.687
1678761279, -551139, 17.687
1678761285, -551130, 17.625
1678761291, -551123, 17.687
1678761297, -551138, 17.687
1678761302, -551140, 17.687
1678761309, -551141, 17.687
1678761315, -551142, 17.687
1678761321, -551138, 17.687
1678761326, -551140, 17.687
1678761332, -551145, 17.687
1678761339, -551142, 17.625
1678761345, -551140, 17.687
1678761350, -551136, 17.687
1678761356, -551139, 17.687
1678761363, -551138, 17.687
1678761369, -551140, 17.625
1678761374, -551136, 17.687
1678761380, -551138, 17.687
1678761386, -551144, 17.687
1678761392, -551134, 17.687
1678761398, -551136, 17.687
1678761404, -551140, 17.625
1678761410, -551137, 17.687
1678761416, -551160, 17.687
1678761422, -551161, 17.625
1678761428, -551148, 17.687
1678761434, -551149, 17.687
1678761440, -551155, 17.625
1678761446, -551149, 17.687
1678761452, -551154, 17.625
1678761459, -551155, 17.625
1678761465, -551159, 17.625
1678761470, -551166, 17.687
1678761477, -551154, 17.625
1678761483, -551148, 17.625
1678761489, -551168, 17.625
1678761494, -551165, 17.625
1678761500, -551149, 17.625
1678761507, -551148, 17.625
1678761513, -551155, 17.625
1678761518, -551153, 17.625
1678761525, -551174, 17.625
1678761531, -551166, 17.625
1678761537, -551171, 17.625
1678761543, -551160, 17.625
1678761549, -551179, 17.625
1678761555, -551163, 17.625
1678761561, -551157, 17.625
1678761567, -551164, 17.625
1678761573, -551166, 17.625
1678761579, -551160, 17.625
1678761585, -551184, 17.625
1678761591, -551172, 17.687
1678761597, -551173, 17.625
1678761603, -551163, 17.625
1678761609, -551171, 17.625
1678761615, -551171, 17.625
1678761621, -551166, 17.625
1678761627, -551163, 17.625
1678761633, -551167, 17.625
1678761639, -551167, 17.625
1678761645, -551169, 17.625
1678761651, -551165, 17.625
1678761657, -551182, 17.625
1678761663, -551189, 17.625
1678761669, -551166, 17.625
1678761675, -551185, 17.625
1678761681, -551169, 17.625
1678761686, -551170, 17.625
1678761692, -551167, 17.625
1678761698, -551174, 17.625
1678761704, -551179, 17.625
1678761710, -551180, 17.625
1678761716, -551178, 17.625
1678761723, -551179, 17.625
1678761729, -551190, 17.625
1678761735, -551181, 17.625
1678761741, -551187, 17.625
1678761747, -551173, 17.625
1678761753, -551169, 17.625
1678761759, -551188, 17.625
1678761765, -551191, 17.625
1678761771, -551190, 17.687
1678761778, -551181, 17.562
1678761784, -551179, 17.625
1678761789, -551183, 17.625
1678761795, -551177, 17.625
1678761801, -551196, 17.625
1678761808, -551188, 17.625
1678761814, -551189, 17.625
1678761820, -551192, 17.625
1678761827, -551188, 17.625
1678761833, -551199, 17.625
1678761838, -551199, 17.562
1678761844, -551194, 17.562
1678761851, -551204, 17.562
1678761857, -551208, 17.562
1678761862, -551195, 17.625
1678761869, -551178, 17.562
1678761875, -551202, 17.625
1678761881, -551198, 17.562
1678761887, -551199, 17.562
1678761893, -551194, 17.562
1678761899, -551213, 17.562
1678761905, -551192, 17.625
1678761911, -551220, 17.625
1678761917, -551201, 17.562
1678761924, -551199, 17.562
1678761929, -551204, 17.562
1678761935, -551208, 17.562
1678761942, -551198, 17.562
1678761948, -551209, 17.562
1678761953, -551230, 17.562
1678761960, -551208, 17.562
1678761966, -551218, 17.625
1678761972, -551217, 17.562
1678761978, -551213, 17.562
1678761984, -551211, 17.562
1678761990, -551215, 17.562
1678761996, -551227, 17.562
1678762003, -551200, 17.562
1678762009, -551217, 17.562
1678762015, -551211, 17.562
1678762021, -551226, 17.562
1678762027, -551222, 17.562
1678762033, -551212, 17.562
1678762039, -551234, 17.562
1678762045, -551230, 17.562
1678762051, -551238, 17.562
1678762057, -551228, 17.562
1678762063, -551227, 17.562
1678762069, -551227, 17.562
1678762075, -551216, 17.562
1678762081, -551215, 17.562
1678762087, -551225, 17.562
1678762094, -551204, 17.562
1678762100, -551223, 17.562
1678762106, -551227, 17.562
1678762113, -551219, 17.562
1678762119, -551222, 17.562
1678762124, -551221, 17.562
1678762130, -551229, 17.562
1678762136, -551238, 17.562
1678762142, -551235, 17.562
1678762148, -551224, 17.5
1678762154, -551237, 17.562
1678762160, -551246, 17.5
1678762166, -551230, 17.5
1678762172, -551240, 17.5
1678762178, -551239, 17.5
1678762184, -551230, 17.562
1678762191, -551237, 17.562
1678762197, -551230, 17.562
1678762203, -551235, 17.562
1678762209, -551247, 17.562
1678762215, -551241, 17.562
1678762221, -551244, 17.5
1678762227, -551213, 17.5
1678762233, -551252, 17.562
1678762240, -551232, 17.5
1678762245, -551243, 17.5
1678762251, -551248, 17.562
1678762257, -551232, 17.562
1678762263, -551255, 17.562
1678762269, -551249, 17.562
1678762275, -551241, 17.5
1678762281, -551235, 17.5
1678762288, -551260, 17.5
1678762293, -551255, 17.5
1678762299, -551254, 17.562
1678762305, -551258, 17.562
1678762311, -551249, 17.5
1678762317, -551255, 17.5
1678762324, -551249, 17.5
1678762330, -551248, 17.5
1678762335, -551250, 17.5
1678762341, -551246, 17.5
1678762348, -551258, 17.5
1678762354, -551251, 17.5
1678762360, -551265, 17.5
1678762366, -551271, 17.5
1678762373, -551258, 17.5
1678762379, -551250, 17.5
1678762385, -551263, 17.5
1678762391, -551264, 17.5
1678762397, -551282, 17.5
1678762403, -551261, 17.5
1678762409, -551271, 17.5
1678762415, -551264, 17.5
1678762421, -551272, 17.5
1678762427, -551255, 17.5
1678762433, -551276, 17.5
1678762439, -551257, 17.5
1678762445, -551281, 17.5
1678762451, -551266, 17.5
1678762456, -551253, 17.5
1678762463, -551271, 17.5
1678762469, -551271, 17.5
1678762475, -551264, 17.5
1678762482, -551260, 17.5
1678762488, -551275, 17.5
1678762494, -551273, 17.5
1678762499, -551274, 17.437
1678762505, -551281, 17.5
1678762511, -551275, 17.5
1678762517, -551282, 17.437
1678762523, -551268, 17.5
1678762529, -551275, 17.5
1678762535, -551284, 17.5
1678762541, -551283, 17.5
1678762547, -551281, 17.437
1678762553, -551276, 17.5
1678762559, -551296, 17.437
1678762566, -551280, 17.5
1678762572, -551279, 17.5
1678762578, -551276, 17.5
1678762584, -551295, 17.5
1678762590, -551284, 17.437
1678762596, -551281, 17.437
1678762602, -551297, 17.437
1678762608, -551294, 17.5
1678762614, -551296, 17.5
1678762619, -551287, 17.437
1678762625, -551295, 17.437
1678762631, -551288, 17.5
1678762637, -551311, 17.437
1678762643, -551301, 17.437
1678762649, -551296, 17.437
1678762655, -551281, 17.437
1678762662, -551286, 17.437
1678762668, -551311, 17.437
1678762674, -551307, 17.437
1678762680, -551300, 17.437
1678762686, -551297, 17.437
1678762692, -551293, 17.5
1678762698, -551298, 17.437
1678762704, -551305, 17.5
1678762710, -551294, 17.437
1678762716, -551291, 17.437
1678762722, -551297, 17.437
1678762728, -551299, 17.437
1678762735, -551303, 17.437
1678762741, -551320, 17.437
1678762747, -551295, 17.437
1678762754, -551298, 17.437
1678762759, -551312, 17.437
1678762766, -551313, 17.437
1678762772, -551319, 17.437
1678762778, -551301, 17.437
1678762784, -551299, 17.437
1678762790, -551300, 17.437
1678762796, -551312, 17.437
1678762802, -551307, 17.437
1678762808, -551302, 17.437
1678762814, -551305, 17.437
1678762820, -551319, 17.437
1678762826, -551320, 17.437
1678762832, -551325, 17.437
1678762838, -551317, 17.437
1678762844, -551294, 17.437
1678762850, -551322, 17.437
1678762856, -551313, 17.437
1678762862, -551314, 17.437
1678762868, -551308, 17.437
1678762874, -551315, 17.437
1678762880, -551336, 17.437
1678762886, -551323, 17.437
1678762892, -551318, 17.437
1678762898, -551316, 17.437
1678762903, -551328, 17.437
1678762909, -551329, 17.437
1678762915, -551322, 17.437
1678762922, -551322, 17.437
1678762927, -551310, 17.375
1678762933, -551324, 17.375
1678762940, -551320, 17.437
1678762947, -551327, 17.437
1678762953, -551321, 17.437
1678762959, -551310, 17.437
1678762965, -551334, 17.375
1678762971, -551333, 17.437
1678762977, -551323, 17.375
1678762983, -551322, 17.375
1678762989, -551321, 17.437
1678762995, -551326, 17.437
1678763001, -551335, 17.375
1678763007, -551322, 17.375
1678763013, -551331, 17.375
1678763019, -551326, 17.437
1678763025, -551336, 17.375
1678763031, -551345, 17.375
1678763038, -551339, 17.375
1678763043, -551337, 17.437
1678763049, -551347, 17.437
1678763056, -551344, 17.375
1678763062, -551342, 17.375
1678763067, -551347, 17.375
1678763073, -551342, 17.375
1678763080, -551347, 17.375
1678763086, -551364, 17.375
1678763092, -551338, 17.375
1678763098, -551331, 17.375
1678763104, -551347, 17.375
1678763110, -551352, 17.375
1678763116, -551355, 17.375
1678763122, -551342, 17.375
1678763128, -551335, 17.375
1678763135, -551358, 17.375
1678763141, -551353, 17.375
1678763146, -551350, 17.375
1678763152, -551353, 17.375
1678763158, -551364, 17.375
1678763164, -551343, 17.375
1678763170, -551355, 17.375
1678763176, -551343, 17.375
1678763182, -551354, 17.375
1678763188, -551353, 17.375
1678763194, -551367, 17.375
1678763200, -551358, 17.375
1678763206, -551352, 17.375
1678763212, -551365, 17.375
1678763218, -551355, 17.375
1678763224, -551381, 17.375
1678763231, -551371, 17.375
1678763237, -551358, 17.375
1678763243, -551368, 17.375
1678763249, -551369, 17.375
1678763255, -551353, 17.375
1678763261, -551360, 17.375
1678763267, -551367, 17.312
1678763273, -551365, 17.375
1678763279, -551357, 17.375
1678763285, -551353, 17.375
1678763291, -551366, 17.375
1678763297, -551371, 17.375
1678763303, -551376, 17.375
1678763310, -551383, 17.375
1678763316, -551363, 17.375
1678763322, -551365, 17.312
1678763328, -551373, 17.312
1678763334, -551391, 17.375
1678763340, -551386, 17.375
1678763346, -551368, 17.375
1678763352, -551372, 17.312
1678763358, -551367, 17.375
1678763364, -551372, 17.375
1678763370, -551387, 17.375
1678763376, -551375, 17.375
1678763381, -551382, 17.375
1678763387, -551377, 17.312
1678763393, -551379, 17.375
1678763400, -551375, 17.312
1678763406, -551386, 17.375
1678763412, -551389, 17.375
1678763418, -551382, 17.375
1678763424, -551394, 17.312
1678763430, -551379, 17.312
1678763437, -551373, 17.312
1678763443, -551386, 17.312
1678763448, -551395, 17.312
1678763454, -551390, 17.375
1678763460, -551384, 17.312
1678763466, -551393, 17.375
1678763472, -551383, 17.312
1678763478, -551385, 17.312
1678763484, -551383, 17.375
1678763490, -551400, 17.312
1678763496, -551391, 17.312
1678763502, -551388, 17.312
1678763509, -551398, 17.312
1678763515, -551396, 17.312
1678763521, -551381, 17.312
1678763527, -551386, 17.312
1678763533, -551398, 17.312
1678763539, -551381, 17.312
1678763545, -551381, 17.312
1678763551, -551397, 17.312
1678763557, -551412, 17.312
1678763563, -551398, 17.312
1678763568, -551402, 17.312
1678763574, -551396, 17.312
1678763580, -551395, 17.312
1678763586, -551389, 17.312
1678763592, -551401, 17.312
1678763598, -551390, 17.312
1678763604, -551400, 17.312
1678763610, -551398, 17.312
1678763616, -551421, 17.312
1678763622, -551407, 17.312
1678763628, -551388, 17.312
1678763634, -551397, 17.312
1678763640, -551410, 17.312
1678763646, -551405, 17.312
1678763652, -551391, 17.312
1678763658, -551423, 17.25
1678763665, -551398, 17.312
1678763671, -551412, 17.312
1678763677, -551415, 17.25
1678763683, -551406, 17.312
1678763689, -551411, 17.312
1678763696, -551422, 17.312
1678763702, -551416, 17.312
1678763708, -551415, 17.25
1678763714, -551414, 17.25
1678763720, -551410, 17.25
1678763726, -551422, 17.25
1678763732, -551410, 17.312
1678763738, -551417, 17.312
1678763744, -551428, 17.312
1678763750, -551429, 17.25
1678763756, -551429, 17.25
1678763762, -551426, 17.25
1678763768, -551406, 17.25
1678763774, -551426, 17.312
1678763780, -551423, 17.25
1678763786, -551411, 17.25
1678763792, -551436, 17.25
1678763798, -551436, 17.25
1678763804, -551432, 17.25
1678763810, -551432, 17.25
1678763816, -551427, 17.25
1678763822, -551429, 17.25
1678763828, -551426, 17.25
1678763834, -551442, 17.25
1678763839, -551427, 17.25
1678763845, -551455, 17.25
1678763852, -551441, 17.25
1678763858, -551442, 17.25
1678763863, -551431, 17.25
1678763870, -551441, 17.25
1678763877, -551428, 17.25
1678763883, -551435, 17.25
1678763889, -551448, 17.25
1678763895, -551431, 17.25
1678763901, -551443, 17.25
1678763907, -551457, 17.25
1678763912, -551437, 17.25
1678763918, -551438, 17.25
1678763924, -551440, 17.25
1678763930, -551445, 17.25
1678763936, -551451, 17.25
1678763942, -551452, 17.25
1678763948, -551459, 17.187
1678763954, -551464, 17.25
1678763960, -551452, 17.25
1678763966, -551451, 17.25
1678763972, -551449, 17.25
1678763979, -551438, 17.187
1678763985, -551444, 17.187
1678763991, -551447, 17.25
1678763997, -551450, 17.187
1678764003, -551452, 17.25
1678764009, -551469, 17.25
1678764015, -551461, 17.187
1678764021, -551448, 17.187
1678764027, -551452, 17.187
1678764033, -551446, 17.25
1678764039, -551456, 17.187
1678764045, -551452, 17.187
1678764051, -551450, 17.187
1678764057, -551455, 17.25
1678764064, -551458, 17.187
1678764070, -551452, 17.25
1678764076, -551464, 17.187
1678764082, -551467, 17.187
1678764088, -551456, 17.187
1678764094, -551471, 17.187
1678764100, -551455, 17.25
1678764106, -551467, 17.187
1678764112, -551465, 17.25
1678764118, -551485, 17.187
1678764124, -551459, 17.187
1678764130, -551467, 17.187
1678764136, -551458, 17.187
1678764142, -551468, 17.187
1678764147, -551466, 17.187
1678764153, -551482, 17.187
1678764160, -551468, 17.187
1678764166, -551473, 17.187
1678764172, -551497, 17.187
1678764177, -551476, 17.187
1678764183, -551468, 17.25
1678764189, -551481, 17.187
1678764195, -551476, 17.187
1678764201, -551468, 17.187
1678764207, -551460, 17.187
1678764213, -551477, 17.187
1678764219, -551475, 17.187
1678764225, -551480, 17.187
1678764231, -551485, 17.187
1678764237, -551485, 17.187
1678764243, -551492, 17.187
1678764249, -551478, 17.187
1678764256, -551485, 17.187
1678764262, -551487, 17.187
1678764268, -551475, 17.187
1678764274, -551459, 17.187
1678764280, -551491, 17.187
1678764286, -551486, 17.187
1678764291, -551474, 17.187
1678764297, -551480, 17.187
1678764303, -551492, 17.187
1678764309, -551505, 17.187
1678764315, -551472, 17.187
1678764321, -551489, 17.187
1678764327, -551499, 17.25
1678764333, -551510, 17.187
1678764339, -551500, 17.187
1678764345, -551511, 17.187
1678764352, -551487, 17.187
1678764358, -551495, 17.187
1678764364, -551501, 17.125
1678764370, -551496, 17.187
1678764376, -551508, 17.187
1678764382, -551517, 17.187
1678764388, -551482, 17.187
1678764394, -551498, 17.187
1678764400, -551503, 17.187
1678764406, -551512, 17.187
1678764412, -551514, 17.125
1678764418, -551496, 17.125
1678764424, -551496, 17.125
1678764430, -551509, 17.187
1678764436, -551513, 17.125
1678764442, -551506, 17.187
1678764448, -551502, 17.125
1678764455, -551514, 17.125
1678764461, -551502, 17.125
1678764467, -551507, 17.187
1678764473, -551511, 17.125
1678764479, -551513, 17.125
1678764485, -551503, 17.125
1678764491, -551517, 17.187
1678764497, -551506, 17.187
1678764503, -551508, 17.187
1678764509, -551506, 17.125
1678764515, -551512, 17.187
1678764521, -551504, 17.187
1678764527, -551510, 17.187
1678764532, -551503, 17.187
1678764538, -551511, 17.187
1678764544, -551508, 17.187
1678764551, -551504, 17.187
1678764557, -551522, 17.187
1678764563, -551500, 17.25
1678764569, -551522, 17.187
1678764575, -551497, 17.25
1678764581, -551504, 17.25
1678764587, -551507, 17.25
1678764593, -551505, 17.25
1678764599, -551501, 17.25
1678764604, -551506, 17.312
1678764610, -551508, 17.312
1678764616, -551512, 17.312
1678764622, -551505, 17.312
1678764628, -551506, 17.312
1678764635, -551510, 17.312
1678764642, -551489, 17.312
1678764648, -551502, 17.312
1678764654, -551520, 17.312
1678764660, -551518, 17.375
1678764666, -551507, 17.375
1678764671, -551512, 17.375
1678764677, -551521, 17.375
1678764683, -551499, 17.375
1678764689, -551512, 17.437
1678764695, -551504, 17.437
1678764701, -551516, 17.437
1678764707, -551505, 17.437
1678764713, -551516, 17.437
1678764719, -551499, 17.437
1678764725, -551507, 17.437
1678764731, -551507, 17.437
1678764738, -551500, 17.5
1678764744, -551499, 17.5
1678764750, -551506, 17.5
1678764756, -551504, 17.5
1678764762, -551506, 17.5
1678764768, -551508, 17.5
1678764774, -551481, 17.5
1678764780, -551514, 17.562
1678764786, -551496, 17.562
1678764792, -551502, 17.562
1678764798, -551492, 17.562
1678764805, -551502, 17.562
1678764811, -551492, 17.562
1678764816, -551488, 17.562
1678764822, -551502, 17.562
1678764829, -551482, 17.625
1678764835, -551497, 17.625
1678764841, -551503, 17.625
1678764847, -551489, 17.625
1678764853, -551487, 17.625
1678764859, -551492, 17.625
1678764865, -551496, 17.687
1678764871, -551497, 17.687
1678764877, -551496, 17.687
1678764883, -551502, 17.687
1678764889, -551481, 17.687
1678764895, -551493, 17.687
1678764901, -551488, 17.687
1678764907, -551486, 17.687
1678764913, -551489, 17.687
1678764920, -551482, 17.687
1678764927, -551488, 17.687
1678764932, -551491, 17.687
1678764938, -551492, 17.75
1678764944, -551494, 17.75
1678764950, -551487, 17.75
1678764956, -551481, 17.75
1678764962, -551491, 17.75
1678764968, -551480, 17.75
1678764974, -551492, 17.75
1678764980, -551490, 17.75
1678764986, -551494, 17.812
1678764992, -551486, 17.812
1678764998, -551477, 17.75
1678765003, -551505, 17.812
1678765010, -551492, 17.812
1678765016, -551485, 17.812
1678765022, -551493, 17.812
1678765028, -551478, 17.812
1678765034, -551486, 17.875
1678765040, -551496, 17.812
1678765046, -551490, 17.812
1678765052, -551489, 17.812
1678765058, -551487, 17.812
1678765064, -551510, 17.875
1678765070, -551471, 17.875
1678765076, -551486, 17.875
1678765082, -551497, 17.875
1678765088, -551484, 17.875
1678765094, -551497, 17.875
1678765100, -551497, 17.875
1678765106, -551479, 17.875
1678765112, -551494, 17.875
1678765118, -551488, 17.937
1678765124, -551506, 17.937
1678765130, -551486, 17.937
1678765136, -551502, 17.937
1678765142, -551501, 17.937
1678765148, -551481, 17.937
1678765154, -551490, 17.937
1678765160, -551475, 17.937
1678765166, -551496, 17.937
1678765172, -551493, 18.0
1678765178, -551495, 18.0
1678765184, -551488, 17.937
1678765190, -551489, 18.0
1678765196, -551485, 18.0
1678765203, -551502, 18.0
1678765210, -551509, 18.0
1678765216, -551500, 18.0
1678765222, -551502, 18.0
1678765228, -551501, 18.0
1678765234, -551488, 18.0
1678765240, -551503, 18.0
1678765246, -551515, 18.0
1678765252, -551497, 18.0
1678765258, -551498, 18.0
1678765264, -551500, 18.0
1678765270, -551486, 18.0
1678765277, -551495, 18.0
1678765283, -551504, 18.0
1678765289, -551512, 18.0
1678765295, -551499, 18.0
1678765301, -551498, 18.0
1678765307, -551502, 18.0
1678765313, -551506, 18.0
1678765319, -551496, 18.0
1678765325, -551506, 18.0
1678765331, -551504, 18.0
1678765337, -551490, 18.0
1678765343, -551494, 18.0
1678765349, -551498, 18.0
1678765355, -551500, 18.0
1678765360, -551487, 18.0
1678765366, -551506, 18.0
1678765372, -551503, 18.0
1678765378, -551491, 18.0
1678765385, -551497, 18.062
1678765392, -551505, 18.062
1678765398, -551520, 18.062
1678765404, -551507, 18.062
1678765410, -551505, 18.062
1678765416, -551517, 18.062
1678765422, -551511, 18.125
1678765428, -551505, 18.125
1678765434, -551513, 18.187
1678765440, -551504, 18.125
1678765446, -551531, 18.125
1678765452, -551503, 18.125
1678765458, -551528, 18.125
1678765464, -551519, 18.187
1678765470, -551527, 18.125
1678765476, -551516, 18.187
1678765482, -551521, 18.187
1678765488, -551524, 18.187
1678765494, -551509, 18.125
1678765500, -551528, 18.187
1678765506, -551506, 18.125
1678765512, -551543, 18.187
1678765519, -551513, 18.125
1678765524, -551520, 18.125
1678765530, -551527, 18.125
1678765536, -551527, 18.125
1678765543, -551540, 18.125
1678765548, -551526, 18.125
1678765554, -551529, 18.125
1678765560, -551526, 18.125
1678765567, -551527, 18.125
1678765573, -551543, 18.062
1678765579, -551532, 18.062
1678765585, -551538, 18.062
1678765592, -551527, 18.062
1678765598, -551542, 18.062
1678765604, -551535, 18.062
1678765610, -551530, 18.062
1678765616, -551538, 18.062
1678765622, -551529, 18.0
1678765628, -551543, 18.0
1678765634, -551533, 18.0
1678765640, -551540, 18.0
1678765646, -551551, 18.0
1678765652, -551541, 18.0
1678765658, -551549, 18.0
1678765664, -551546, 17.937
1678765670, -551541, 17.937
1678765676, -551547, 17.937
1678765683, -551551, 17.937
1678765688, -551540, 17.937
1678765694, -551563, 17.937
1678765700, -551544, 17.937
1678765706, -551531, 17.937
1678765712, -551529, 17.937
1678765718, -551566, 17.937
1678765724, -551559, 17.937
1678765730, -551546, 17.937
1678765736, -551561, 17.875
1678765742, -551554, 17.937
1678765748, -551556, 17.875
1678765754, -551565, 17.875
1678765760, -551574, 17.875
1678765767, -551554, 17.875
1678765773, -551555, 17.875
1678765779, -551561, 17.875
1678765785, -551564, 17.875
1678765791, -551581, 17.875
1678765797, -551570, 17.875
1678765803, -551569, 17.812
1678765809, -551568, 17.812
1678765814, -551554, 17.875
1678765820, -551553, 17.812
1678765826, -551567, 17.812
1678765832, -551554, 17.812
1678765838, -551556, 17.812
1678765844, -551564, 17.812
1678765850, -551570, 17.812
1678765856, -551572, 17.812
1678765862, -551560, 17.812
1678765868, -551571, 17.812
1678765875, -551568, 17.812
1678765881, -551574, 17.812
1678765887, -551577, 17.812
1678765893, -551564, 17.812
1678765899, -551571, 17.812
1678765905, -551579, 17.812
1678765911, -551561, 17.812
1678765917, -551570, 17.812
1678765924, -551575, 17.75
1678765929, -551569, 17.812
1678765935, -551559, 17.75
1678765942, -551576, 17.75
1678765948, -551562, 17.75
1678765953, -551587, 17.75
1678765960, -551567, 17.75
1678765966, -551570, 17.75
1678765972, -551579, 17.75
1678765978, -551570, 17.75
1678765984, -551575, 17.75
1678765990, -551582, 17.75
1678765996, -551567, 17.75
1678766002, -551579, 17.75
1678766008, -551574, 17.75
1678766014, -551572, 17.75
1678766021, -551574, 17.75
1678766026, -551573, 17.75
1678766032, -551577, 17.75
1678766039, -551580, 17.687
1678766045, -551581, 17.687
1678766050, -551586, 17.75
1678766056, -551563, 17.75
1678766062, -551584, 17.687
1678766068, -551574, 17.687
1678766074, -551585, 17.687
1678766080, -551580, 17.687
1678766086, -551579, 17.687
1678766093, -551580, 17.687
1678766098, -551564, 17.687
1678766104, -551595, 17.687
1678766110, -551592, 17.687
1678766116, -551584, 17.687
1678766122, -551582, 17.75
1678766128, -551580, 17.687
1678766134, -551581, 17.687
1678766140, -551588, 17.687
1678766146, -551591, 17.687
1678766152, -551588, 17.687
1678766158, -551571, 17.687
1678766164, -551585, 17.687
1678766170, -551571, 17.687
1678766176, -551585, 17.687
1678766182, -551578, 17.687
1678766188, -551578, 17.687
1678766194, -551589, 17.687
1678766201, -551591, 17.687
1678766207, -551589, 17.687
1678766213, -551585, 17.687
1678766219, -551589, 17.687
1678766225, -551596, 17.687
1678766231, -551595, 17.625
1678766237, -551598, 17.687
1678766244, -551592, 17.625
1678766250, -551590, 17.625
1678766256, -551600, 17.625
1678766262, -551592, 17.625
1678766268, -551584, 17.625
1678766274, -551584, 17.625
1678766280, -551583, 17.625
1678766286, -551597, 17.625
1678766292, -551608, 17.625
1678766298, -551590, 17.625
1678766304, -551580, 17.625
1678766310, -551593, 17.625
1678766316, -551589, 17.625
1678766322, -551580, 17.625
1678766328, -551593, 17.625
1678766335, -551588, 17.625
1678766341, -551602, 17.625
1678766346, -551581, 17.625
1678766352, -551597, 17.625
1678766358, -551598, 17.625
1678766364, -551586, 17.625
1678766370, -551580, 17.625
1678766376, -551600, 17.625
1678766382, -551597, 17.625
1678766388, -551596, 17.625
1678766394, -551608, 17.625
1678766400, -551584, 17.625
